team,pos,dob,B/T,height,weight,first,middle,last,suffix,jersey
WSH,P,1995-09-20,R/R,73,210,Cory,,Abbott,,77
WSH,I,2000-10-03,L/R,74,185,C,J,Abrams,,5
HOU,P,1997-04-22,R/R,73,225,Bryan,,Abreu,,52
CWS,I,1987-01-29,R/R,75,235,Jos&#233;,,Abreu,,79
OAK,P,1994-03-06,R/R,79,240,Domingo,,Acevedo,,68
ATL,O,1997-12-18,R/R,72,205,Ronald,,Acu&#241;a,Jr,13
TBR,P,1991-08-04,R/R,75,229,Jason,,Adam,,47
MIL,I,1995-09-02,R/R,72,210,Willy,,Adames,,27
WSH,C,1996-06-26,R/R,76,249,Riley,,Adams,,15
LAA,O,1999-04-08,R/R,75,215,Jo,,Adell,,7
ATL,O,1989-08-21,S/R,73,198,Ehire,,Adrianza,,17
MIA,I,1990-06-30,R/R,75,277,Jes&#250;s,,Aguilar,,99
BAL,P,1995-04-01,L/L,71,235,Keegan,,Akin,,45
LAD,I,1992-10-17,R/R,71,215,Hanser,,Alberto,,17
MIA,P,1995-09-07,R/R,77,200,Sandy,,Alcantara,,22
ARI,I,1996-07-10,S/R,69,151,Sergio,,Alc&#225;ntara,,43
MIL,P,1993-03-01,R/R,75,200,Jason,,Alexander,,41
DET,P,1994-07-14,R/L,74,203,Tyler,,Alexander,,70
SDP,C,1993-06-11,R/R,75,230,Jorge,,Alfaro,,38
PIT,O,1993-03-15,S/R,72,185,Greg,,Allen,,24
OAK,I,1998-10-08,R/R,68,166,Nick,,Allen,,2
NYM,I,1994-12-07,R/R,75,245,Pete,,Alonso,,20
HOU,I,1990-05-06,R/R,66,166,Jose,,Altuve,,27
PHI,P,1995-05-21,L/L,74,245,Jos&#233;,,Alvarado,,46
HOU,D,1997-06-27,L/R,77,225,Yordan,,Alvarez,,44
MIA,I,1993-05-19,R/R,75,208,Brian,,Anderson,,15
LAD,P,1989-12-30,L/L,74,220,Tyler,,Anderson,,31
CWS,I,1988-08-26,R/R,72,210,Elvis,,Andrus,,1
CIN,O,1994-04-22,R/R,76,220,Aristides,,Aquino,,44
WSH,P,1995-02-07,R/R,74,228,V&#237;ctor,,Arano,,64
MIN,P,1988-09-26,R/R,74,195,Chris,,Archer,,17
STL,I,1991-04-16,R/R,74,215,Nolan,,Arenado,,28
TEX,P,1992-08-11,R/R,74,210,Kohei,,Arihara,,35
TBR,P,1990-09-11,R/R,74,225,Shawn,,Armstrong,,64
TBR,O,1995-02-28,R/R,71,185,Randy,,Arozarena,,56
MIN,I,1997-04-09,L/R,70,175,Luis,,Arraez,,2
BOS,O,1995-05-30,R/R,73,210,Christian,,Arroyo,,39
CHC,P,1997-07-30,R/R,73,200,Javier,,Assad,,72
SDP,O,1996-05-11,R/R,71,181,Jos&#233;,,Azocar,,28
DET,O,1998-08-16,L/L,73,214,Akil,,Baddoo,,60
BAL,P,1994-12-02,R/R,78,245,Bryan,,Baker,,43
CWS,P,1991-10-24,R/L,73,210,Tanner,,Banks,,57
COL,P,1985-06-25,R/R,76,215,Daniel,,Bard,,52
NYY,P,1990-11-13,R/R,75,200,Luke,,Bard,,68
KCR,P,1992-12-18,R/R,75,210,Scott,,Barlow,,58
LAD,C,1989-12-28,R/R,70,187,Austin,,Barnes,,15
BOS,P,1990-06-17,R/R,76,208,Matt,,Barnes,,32
DET,C,1991-01-07,S/R,71,192,Tucker,,Barnhart,,15
LAA,P,1996-07-18,R/R,73,210,Jaime,,Barr&#237;a,,51
CIN,I,1998-04-05,R/R,74,175,Jose,,Barrero,,2
SFG,C,1996-12-15,R/R,74,238,Joey,,Bart,,21
TOR,P,1987-11-01,R/R,74,205,Anthony,,Bass,,52
NYM,P,1989-02-22,R/R,77,217,Chris,,Bassitt,,40
SDP,I,1995-06-22,R/R,71,180,Matthew,,Batten,,37
NYM,I,1999-11-13,L/R,75,210,Brett,,Baty,,22
PIT,P,1991-03-13,R/L,70,215,Manny,,Ba&#241;uelos,,53
BAL,P,1995-06-20,R/R,77,190,F&#233;lix,,Bautista,,74
MIN,I,1990-01-27,R/R,72,215,Tim,,Beckham,,9
PIT,P,1993-05-23,R/R,74,216,Tyler,,Beede,,48
TBR,P,1993-07-10,L/L,71,215,Jalen,,Beeks,,68
SDP,I,1992-08-14,S/R,76,261,Josh,,Bell,,24
PHI,P,1991-08-05,R/R,73,190,Andrew,,Bellatti,,64
LAD,O,1995-07-13,L/L,76,203,Cody,,Bellinger,,35
NYY,O,1994-07-06,L/L,69,180,Andrew,,Benintendi,,18
CLE,O,1998-06-16,L/L,77,230,Will,,Benson,,29
COL,O,1990-09-24,R/R,74,195,Wynton,,Bernard,,36
TOR,P,1994-05-27,R/R,72,205,Jos&#233;,,Berr&#237;os,,17
MIA,I,1990-01-22,R/R,70,190,Jon,,Berti,,5
TBR,I,1991-09-02,R/R,75,205,Christian,,Bethancourt,,14
LAD,O,1992-10-07,R/R,69,180,Mookie,,Betts,,50
DET,I,1992-12-01,R/R,72,190,Javier,,B&#225;ez,,28
TOR,I,1998-03-05,R/R,72,190,Bo,,Bichette,,11
LAD,P,1995-07-10,R/R,76,200,Phil,,Bickford,,52
CLE,P,1995-05-31,R/R,75,200,Shane,,Bieber,,57
TOR,I,1995-04-11,L/R,74,200,Cavan,,Biggio,,8
COL,P,1995-12-04,R/R,75,200,Jake,,Bird,,59
COL,O,1986-07-01,L/L,75,221,Charlie,,Blackmon,,19
MIA,O,1997-11-10,L/L,75,205,J,J,Bleday,,67
MIA,P,1987-04-16,L/L,75,215,Richard,,Bleier,,35
BOS,I,1992-10-01,R/R,74,218,Xander,,Bogaerts,,2
PHI,I,1996-08-03,R/R,77,218,Alec,,Bohm,,28
OAK,O,1994-01-15,S/R,74,180,Skye,,Bolt,,11
MIL,P,1988-05-27,R/R,70,211,Brad,,Boxberger,,45
BAL,P,1996-09-12,R/R,76,220,Kyle,,Bradish,,56
TOR,O,1990-04-19,L/R,70,196,Jackie,,Bradley,Jr,25
SEA,P,1998-05-12,R/R,73,173,Matt,,Brash,,47
BOS,P,1987-08-26,R/R,72,227,Ryan,,Brasier,,70
CHC,P,1992-04-29,L/L,72,195,Steven,,Brault,,25
MIA,P,1989-10-15,R/R,75,155,Huascar,,Brazoban,,81
SFG,P,1990-05-30,L/R,73,200,John,,Brebbia,,59
HOU,I,1994-03-30,R/R,72,192,Alex,,Bregman,,2
OAK,I,1995-12-27,R/R,70,200,Jonah,,Bride,,77
PHI,P,1995-01-29,R/R,78,205,Connor,,Brogdon,,75
OAK,I,1992-07-13,L/L,73,223,Seth,,Brown,,15
PIT,P,1993-11-17,R/R,75,185,J,T,Brubaker,,34
KCR,P,1997-08-19,L/L,75,225,Kris,,Bubic,,50
ARI,P,1989-08-01,R/L,76,257,Madison,,Bumgarner,,40
MIN,P,1992-11-15,S/R,73,225,Dylan,,Bundy,,37
MIA,O,1997-02-26,R/R,72,205,Peyton,,Burdick,,86
TEX,P,1996-08-04,L/L,76,210,Brock,,Burke,,46
MIL,P,1994-10-22,R/R,75,225,Corbin,,Burnes,,39
MIL,P,1986-02-08,R/R,69,180,Matt,,Bush,,50
MIA,P,1998-04-13,R/R,77,217,Edward,,Cabrera,,27
STL,P,1996-10-10,L/L,74,180,G&#233;nesis,,Cabrera,,92
DET,D,1983-04-18,R/R,76,267,Miguel,,Cabrera,,24
NYY,I,1999-03-01,S/R,70,200,Oswaldo,,Cabrera,,95
TEX,O,1987-10-14,L/L,70,205,Kole,,Calhoun,,56
WSH,O,1994-09-27,R/R,71,188,Alex,,Call,,62
DET,I,1993-11-24,S/R,73,216,Jeimer,,Candelario,,46
NYM,O,1989-02-15,R/R,74,209,Mark,,Canha,,19
MIL,C,1993-08-17,S/R,73,215,Victor,,Caratini,,7
STL,O,1998-10-23,S/L,74,205,Dylan,,Carlson,,3
DET,O,1997-09-02,L/R,74,220,Kerry,,Carpenter,,48
SEA,C,1988-11-09,R/R,74,220,Curt,,Casali,,5
PHI,O,1992-03-04,R/R,76,203,Nick,,Castellanos,,8
SEA,P,1994-01-18,R/R,75,268,Diego,,Castillo,,63
SDP,P,1996-01-10,L/L,78,252,Jos&#233;,,Castillo,,65
SEA,P,1992-12-12,R/R,74,200,Luis,,Castillo,,21
DET,I,1993-11-30,L/R,70,195,Harold,,Castro,,30
PIT,I,1999-05-21,S/R,72,205,Rodolfo,,Castro,,14
DET,O,1997-04-24,S/R,73,206,Willi,,Castro,,9
MIN,O,1992-12-04,L/L,72,200,Jake,,Cave,,8
CWS,P,1995-12-28,R/R,74,195,Dylan,,Cease,,84
MIN,O,1999-02-13,R/L,72,170,Gilberto,,Celestino,,67
CIN,P,1992-04-25,R/R,72,208,Luis,,Cessa,,85
COL,P,1988-01-07,R/R,75,215,Jhoulys,,Chac&#237;n,,43
DET,P,1990-06-17,R/L,74,235,Andrew,,Chafin,,37
TBR,I,1995-08-18,R/R,73,180,Yu,,Chang,,9
NYY,P,1988-02-28,L/L,76,218,Aroldis,,Chapman,,54
TOR,I,1993-04-28,R/R,72,215,Matt,,Chapman,,26
TBR,P,1990-12-03,S/R,75,200,J,T,Chargois,,84
LAA,P,1983-08-21,R/R,73,175,Jesse,,Chavez,,40
PIT,I,1995-08-11,R/R,70,190,Michael,,Chavis,,2
BAL,C,1984-06-05,R/R,73,220,Robinson,,Chirinos,,23
TBR,I,1991-05-19,L/R,73,260,Ji-Man,,Choi,,26
TOR,P,1990-08-15,R/R,75,195,Adam,,Cimber,,90
WSH,P,1986-06-18,R/R,78,220,Steve,,Cishek,,33
DET,P,1989-04-11,R/R,75,258,Jos&#233;,,Cisnero,,67
CLE,P,1995-06-12,R/R,74,215,Aaron,,Civale,,43
CLE,P,1998-03-18,R/R,74,206,Emmanuel,,Clase,,48
DET,O,1996-05-15,L/R,73,200,Kody,,Clemens,,21
SDP,P,1990-12-21,R/R,76,215,Mike,,Clevinger,,52
SFG,P,1987-10-07,R/R,75,205,Alex,,Cobb,,38
NYY,P,1990-09-08,R/R,76,220,Gerrit,,Cole,,45
KCR,P,1996-09-16,R/R,77,230,Dylan,,Coleman,,65
PIT,P,1999-11-07,R/R,72,175,Roansy,,Contreras,,59
ATL,C,1997-12-24,R/R,72,180,William,,Contreras,,24
CHC,C,1992-05-13,R/R,73,225,Willson,,Contreras,,40
PHI,P,1992-09-22,R/R,73,225,Sam,,Coonrod,,54
WSH,P,1989-07-19,L/L,76,222,Patrick,,Corbin,,46
BOS,O,1994-09-02,L/R,75,226,Franchy,,Cordero,,16
MIN,I,1994-09-22,R/R,76,220,Carlos,,Correa,,4
NYY,P,1994-12-10,R/L,71,210,Nestor,,Cortes,,65
SFG,I,1987-01-21,L/R,73,223,Brandon,,Crawford,,35
SEA,I,1995-01-11,L/R,74,202,J,P,Crawford,,3
BOS,P,1996-04-01,R/R,73,209,Kutter,,Crawford,,50
SDP,P,1994-12-25,R/R,73,220,Nabil,,Crismatt,,74
COL,I,1990-01-05,R/R,76,235,C,J,Cron,,25
SDP,I,1994-01-21,L/R,72,187,Jake,,Cronenworth,,9
PIT,P,1994-09-09,R/R,74,245,Wil,,Crowe,,29
WSH,D,1980-07-01,R/R,74,230,Nelson,,Cruz,,23
PIT,I,1998-10-04,L/R,79,220,Oneil,,Cruz,,15
KCR,P,1994-06-28,R/R,75,195,Jose,,Cuas,,74
CWS,P,1986-02-15,R/R,71,229,Johnny,,Cueto,,47
TEX,I,1989-04-10,R/R,73,200,Charlie,,Culberson,,11
BOS,I,1995-06-29,R/R,76,227,Bobby,,Dalbec,,29
ATL,C,1989-02-10,R/R,74,210,Travis,,d'Arnaud,,16
LAA,P,1996-03-25,L/L,74,215,Tucker,,Davidson,,32
ARI,P,1993-02-07,R/R,72,180,Zach,,Davies,,27
BOS,P,1993-02-03,L/L,76,235,Austin,,Davis,,56
SFG,I,1993-04-27,R/R,75,218,J,D,Davis,,7
MIL,O,1992-05-12,R/R,68,190,Jonathan,,Davis,,3
CIN,P,1996-09-28,R/R,74,224,Alexis,,D&#237;az,,43
NYM,P,1994-03-22,R/R,75,165,Edwin,,D&#237;az,,39
COL,C,1990-11-17,R/R,73,223,Elias,,D&#237;az,,35
MIA,I,1996-11-19,L/L,76,217,Lewin,,D&#237;az,,34
TBR,I,1991-08-08,R/R,74,215,Yandy,,D&#237;az,,2
NYM,P,1988-06-19,L/R,76,180,Jacob,,deGrom,,48
PIT,P,1993-12-29,L/R,76,230,Chase,,De Jong,,37
STL,I,1993-08-02,R/R,72,205,Paul,,DeJong,,11
PIT,C,1995-03-07,R/R,71,200,Jason,,Delay,,61
CLE,P,1995-12-25,R/R,75,235,Enyel,,De Los Santos,,62
LAA,P,1999-07-08,L/L,74,210,Reid,,Detmers,,48
CIN,P,1986-03-06,R/L,77,210,Ross,,Detwiler,,75
ARI,P,1990-11-13,R/R,75,211,Chris,,Devenski,,32
BOS,I,1996-10-24,L/R,72,240,Rafael,,Devers,,11
STL,O,1989-05-22,L/R,73,200,Corey,,Dickerson,,25
CWS,P,1987-01-21,R/L,76,195,Jake,,Diekman,,55
NYY,I,1985-12-08,R/R,73,210,Josh,,Donaldson,,28
STL,I,1997-01-16,L/R,73,195,Brendan,,Donovan,,33
SFG,P,1997-07-04,R/R,74,185,Camilo,,Doval,,75
KCR,I,1991-08-22,R/R,76,220,Hunter,,Dozier,,17
SDP,I,1992-08-21,R/R,74,230,Brandon,,Drury,,17
HOU,O,1994-07-19,R/R,72,173,Mauricio,,Dub&#243;n,,14
CIN,P,1995-09-22,R/R,74,185,Justin,,Dunn,,38
TEX,P,1994-12-20,R/R,76,225,Dane,,Dunning,,33
TEX,I,1999-05-22,R/R,71,185,Ezequiel,,Duran,,70
BOS,O,1996-09-05,L/R,74,212,Jarren,,Duran,,40
MIN,P,1998-01-08,R/R,77,230,Jhoan,,Duran,,59
STL,I,1995-05-09,S/R,70,180,Tommy,,Edman,,19
WSH,P,1991-09-03,R/R,75,170,Carl,,Edwards,Jr,58
MIA,O,1997-10-22,R/R,76,250,Jerar,,Encarnacion,,64
CWS,O,1991-12-09,R/R,74,215,Adam,,Engel,,15
TOR,I,1994-11-13,R/R,70,187,Santiago,,Espinal,,5
WSH,P,1987-01-10,R/R,70,211,Paolo,,Espino,,30
CHC,P,1998-03-09,R/R,72,190,Anderson,,Espinoza,,51
SFG,I,1996-02-22,R/R,70,185,Thairo,,Estrada,,39
COL,P,1992-12-28,R/R,78,277,Carlos,,Est&#233;vez,,54
TBR,P,1993-12-16,R/R,78,225,Pete,,Fairbanks,,29
CIN,O,1996-03-17,R/R,72,205,Stuart,,Fairchild,,57
BOS,P,1989-10-10,R/R,75,240,Jeurys,,Familia,,31
CIN,P,1991-02-20,L/R,76,232,Buck,,Farmer,,46
CIN,I,1990-08-17,R/R,72,205,Kyle,,Farmer,,17
WSH,P,1993-02-25,R/R,76,203,Erick,,Fedde,,32
COL,P,1996-09-02,R/R,76,190,Ryan,,Feltner,,18
LAD,P,1996-07-02,R/L,75,226,Caleb,,Ferguson,,64
SEA,P,1993-03-11,R/R,73,195,Matthew,,Festa,,67
WSH,P,1991-09-04,R/R,74,197,Kyle,,Finnegan,,67
LAA,I,1994-05-31,R/R,69,185,David,,Fletcher,,22
SEA,P,1994-07-01,R/R,75,219,Chris,,Flexen,,77
SFG,I,1991-08-06,R/R,74,213,Wilmer,,Flores,,41
MIA,P,1990-12-27,L/R,74,203,Dylan,,Floro,,36
DET,P,1995-11-01,R/R,76,215,Jason,,Foley,,68
MIA,C,1996-11-11,R/R,71,198,Nick,,Fortes,,54
CIN,O,1995-05-25,L/L,72,195,Jake,,Fraley,,27
SEA,I,1994-07-13,R/R,71,215,Ty,,France,,23
WSH,I,1992-08-26,R/R,73,225,Maikel,,Franco,,7
ARI,P,1998-05-23,R/R,75,245,Luis,,Fr&#237;as,,65
SEA,I,1991-12-14,L/R,70,181,Adam,,Frazier,,26
COL,P,1993-05-14,L/L,76,204,Kyle,,Freeland,,21
LAD,I,1989-09-12,L/R,77,220,Freddie,,Freeman,,5
CLE,I,1999-05-21,R/R,72,190,Tyler,,Freeman,,2
ATL,P,1994-01-18,L/L,76,190,Max,,Fried,,54
CIN,O,1995-08-14,L/L,70,180,T,J,Friedl,,29
MIN,P,1993-03-15,R/R,75,224,Michael,,Fulmer,,52
STL,P,1991-08-14,R/R,74,215,Giovanny,,Gallegos,,65
ARI,P,1995-08-03,R/R,74,189,Zac,,Gallen,,23
LAD,O,1993-11-19,L/R,77,250,Joey,,Gallo,,12
PIT,O,1992-05-17,L/L,71,180,Ben,,Gamel,,18
TEX,O,1993-03-02,R/R,73,205,Adolis,,Garc&#237;a,,53
SFG,P,1993-01-18,L/L,75,215,Jarl&#237;n,,Garc&#237;a,,66
SDP,P,1987-01-30,R/R,74,240,Luis,,Garc&#237;a,,66
HOU,P,1996-12-13,R/R,73,244,Luis,,Garcia,,77
TOR,P,1990-08-18,R/R,73,230,Yimi,,Garcia,,93
ARI,O,1995-11-22,R/R,74,195,Stone,,Garrett,,46
TOR,P,1991-01-06,L/R,74,205,Kevin,,Gausman,,34
NYY,P,1992-08-04,R/R,74,181,Domingo,,Germ&#225;n,,55
CIN,P,1993-11-19,R/R,75,250,Ian,,Gibaut,,79
PHI,P,1987-10-23,R/R,78,215,Kyle,,Gibson,,44
SEA,P,1997-05-05,R/R,78,215,Logan,,Gilbert,,36
COL,P,1996-03-05,L/L,73,185,Lucas,,Gilbreath,,58
CLE,I,1998-09-04,L/R,71,161,Andr&#233;s,,Gim&#233;nez,,0
ARI,P,1994-03-24,L/R,76,235,Kevin,,Ginkel,,37
CWS,P,1994-07-14,R/R,78,245,Lucas,,Giolito,,27
NYM,P,1990-05-13,R/R,72,230,Mychal,,Givens,,60
STL,I,1987-09-10,R/R,75,220,Paul,,Goldschmidt,,46
COL,P,1993-11-23,L/L,77,220,Austin,,Gomber,,26
CHC,C,1987-07-19,R/R,74,212,Yan,,Gomes,,7
LAD,P,1994-05-14,R/R,75,205,Tony,,Gonsolin,,26
SEA,P,1992-02-16,L/L,73,205,Marco,,Gonzales,,7
NYY,I,1989-03-14,S/R,73,205,Marwin,,Gonzalez,,14
CLE,O,1998-01-10,R/R,76,240,Oscar,,Gonzalez,,39
CWS,I,1996-09-06,R/R,73,215,Romy,,Gonzalez,,12
MIN,O,1995-10-24,L/R,72,160,Nick,,Gordon,,1
STL,I,2000-05-10,L/R,73,210,Nolan,,Gorman,,16
LAA,I,1988-10-03,R/R,73,188,Phil,,Gosselin,,14
LAD,P,1998-08-26,R/R,73,265,Brusdar,,Graterol,,48
CWS,P,1990-12-21,R/R,74,200,Kendall,,Graveman,,49
WSH,P,1997-12-21,R/R,73,199,Josiah,,Gray,,40
MIN,P,1989-11-07,R/R,70,195,Sonny,,Gray,,54
DET,O,2000-09-28,L/L,75,200,Riley,,Greene,,31
KCR,P,1983-10-21,R/R,74,200,Zack,,Greinke,,23
NYM,P,1994-05-06,R/R,72,180,Connor,,Grey,,72
COL,O,1991-08-13,R/R,74,216,Randal,,Grichuk,,15
SDP,O,1996-11-01,L/L,71,224,Trent,,Grisham,,2
ATL,I,2001-01-05,R/R,75,210,Vaughn,,Grissom,,18
ATL,O,1989-09-16,S/L,72,209,Robbie,,Grossman,,15
TOR,I,1999-03-16,R/R,74,240,Vladimir,,Guerrero,Jr,27
TOR,O,1993-10-10,R/R,76,215,Lourdes,,Gurriel,Jr,13
HOU,I,1984-06-09,R/R,72,215,Yuli,,Gurriel,,10
DET,C,1992-12-18,R/R,70,210,Eric,,Haase,,13
SDP,P,1994-04-07,L/L,75,180,Josh,,Hader,,71
SEA,I,1994-05-26,S/R,71,175,Sam,,Haggerty,,0
MIN,C,1995-02-05,R/R,72,185,Caleb,,Hamilton,,90
COL,I,1994-10-10,R/R,71,196,Garrett,,Hampson,,1
PHI,P,1990-03-20,L/L,75,224,Brad,,Hand,,52
SEA,O,1990-12-23,R/R,74,214,Mitch,,Haniger,,17
CHC,O,1994-08-12,S/R,72,205,Ian,,Happ,,8
ATL,O,2001-03-07,L/L,72,195,Michael,,Harris,II,23
CWS,I,1987-07-08,R/R,68,190,Josh,,Harrison,,5
WSH,P,1994-12-09,R/R,74,225,Hunter,,Harvey,,73
PIT,I,1997-01-28,R/R,70,205,Ke'Bryan,,Hayes,,13
BAL,O,1995-07-05,R/R,72,205,Austin,,Hays,,21
BAL,P,1990-04-23,R/R,73,180,Louis,,Head,,60
LAD,P,1991-06-05,L/L,74,200,Andrew,,Heaney,,28
TEX,P,1994-08-30,L/L,78,230,Taylor,,Hearn,,52
KCR,P,1997-01-27,R/R,75,225,Jonathan,,Heasley,,49
CLE,C,1992-08-18,R/R,73,223,Austin,,Hedges,,17
TEX,C,1995-06-27,S/R,76,220,Jonah,,Heim,,28
PIT,C,1991-06-19,S/R,70,190,Tyler,,Heineman,,54
CWS,P,1989-02-10,R/R,72,235,Liam,,Hendriks,,31
ARI,P,1997-07-29,L/L,75,205,Tommy,,Henry,,47
HOU,I,1996-03-28,R/R,78,190,David,,Hensley,,17
CLE,P,1996-07-18,L/L,78,245,Sam,,Hentges,,31
ATL,O,1991-01-31,R/L,70,195,Guillermo,,Heredia,,38
LAA,P,1993-09-09,R/R,75,170,Jimmy,,Herget,,46
KCR,P,1997-03-11,R/R,76,245,Carlos,,Hern&#225;ndez,,43
WSH,I,1990-05-23,S/R,70,183,C&#233;sar,,Hern&#225;ndez,,1
BOS,O,1991-08-24,R/R,71,190,Enrique,,Hern&#225;ndez,,5
TEX,P,1996-07-06,R/R,75,190,Jonathan,,Hern&#225;ndez,,72
TOR,O,1992-10-15,R/R,74,215,Teoscar,,Hern&#225;ndez,,37
NYY,O,1989-10-02,S/R,73,205,Aaron,,Hicks,,31
STL,P,1996-09-06,R/R,74,220,Jordan,,Hicks,,12
NYY,C,1990-04-20,R/R,73,202,Kyle,,Higashioka,,66
CHC,C,1993-05-10,R/R,70,195,P,J,Higgins,,48
DET,P,1996-01-16,R/R,72,185,Garrett,,Hill,,50
BOS,P,1980-03-11,L/L,77,221,Rich,,Hill,,44
SDP,P,1990-02-10,R/L,76,200,Tim,,Hill,,25
COL,O,1994-02-21,L/L,77,236,Sam,,Hilliard,,22
MIL,I,1996-08-02,R/R,72,202,Keston,,Hiura,,18
MIA,P,1996-10-19,R/R,78,210,Bryan,,Hoeing,,93
CHC,I,1997-05-13,R/R,73,200,Nico,,Hoerner,,2
PIT,P,1995-10-08,R/R,79,240,Colin,,Holderman,,35
ARI,P,1996-06-13,L/L,74,200,Tyler,,Holton,,67
PHI,I,1993-03-17,R/R,76,245,Rhys,,Hoskins,,17
STL,P,1994-09-15,R/R,77,215,Dakota,,Hudson,,43
CHC,P,1995-12-01,S/L,74,215,Brandon,,Hughes,,47
ARI,O,1994-11-28,S/R,70,198,Cooper,,Hummel,,21
DET,P,1990-08-22,L/R,75,215,Drew,,Hutchison,,40
COL,I,1990-01-05,R/R,71,195,Jos&#233;,,Iglesias,,11
ATL,P,1990-01-04,R/R,74,190,Raisel,,Iglesias,,26
CIN,I,1996-12-15,R/R,72,200,Jonathan,,India,,6
OAK,P,1994-01-31,L/L,76,217,Cole,,Irvin,,19
KCR,O,1997-03-03,L/R,71,190,Kyle,,Isbel,,28
OAK,P,1994-12-25,R/R,76,230,Zach,,Jackson,,61
TOR,C,1995-04-15,R/R,74,215,Danny,,Jansen,,9
ATL,P,1987-09-30,S/R,77,265,Kenley,,Jansen,,74
HOU,P,1997-03-26,R/R,73,213,Cristian,,Javier,,53
MIN,P,1994-11-22,R/R,74,195,Griffin,,Jax,,65
OAK,P,1993-12-23,R/R,73,182,Dany,,Jim&#233;nez,,56
CWS,O,1996-11-27,R/R,76,240,Eloy,,Jim&#233;nez,,74
DET,P,1995-01-17,R/R,75,277,Joe,,Jim&#233;nez,,77
COL,O,1992-08-16,R/R,72,205,Connor,,Joe,,9
SFG,O,1995-10-27,S/R,73,195,Bryce,,Johnson,,58
NYY,O,1992-04-26,R/R,79,282,Aaron,,Judge,,99
SFG,P,1992-09-16,R/R,75,220,Jakob,,Junis,,34
OAK,P,1994-03-02,R/R,75,225,James,,Kaprielian,,32
CLE,P,1995-09-22,R/R,75,215,James,,Karinchak,,99
KCR,P,1995-07-27,R/R,77,255,Brad,,Keller,,56
PIT,P,1996-04-04,R/R,74,220,Mitch,,Keller,,23
MIL,P,1992-10-20,R/R,74,210,Trevor,,Kelley,,57
ARI,C,1994-07-14,R/R,74,212,Carson,,Kelly,,18
CWS,P,1988-06-09,R/R,73,174,Joe,,Kelly,,17
ARI,P,1988-10-14,R/R,74,202,Merrill,,Kelly,,29
OAK,I,1991-10-31,L/R,66,160,Tony,,Kemp,,5
ARI,P,1984-12-19,R/R,72,210,Ian,,Kennedy,,31
MIN,O,1993-02-10,L/L,76,225,Max,,Kepler,,26
TOR,P,1991-06-17,L/L,72,205,Yusei,,Kikuchi,,16
SDP,I,1995-10-17,R/R,69,168,Ha-Seong,,Kim,,7
LAD,P,1988-05-28,R/R,72,215,Craig,,Kimbrel,,46
NYY,I,1995-03-23,R/R,71,190,Isiah,,Kiner-Falefa,,12
SEA,P,1998-02-04,R/R,76,215,George,,Kirby,,68
TOR,C,1998-11-06,R/R,68,245,Alejandro,,Kirk,,30
TBR,P,1986-04-10,R/R,76,215,Corey,,Kluber,,28
STL,C,1995-02-03,R/R,73,225,Andrew,,Knizner,,7
BAL,P,1992-12-20,R/R,75,240,Joey,,Krehbiel,,34
BAL,P,1996-01-07,R/R,74,200,Dean,,Kremer,,64
CIN,P,1995-02-19,R/R,76,280,Joel,,Kuhnel,,66
CLE,O,1997-09-05,L/L,69,170,Steven,,Kwan,,38
SEA,I,1990-10-09,L/R,75,215,Jake,,Lamb,,18
CWS,P,1994-11-18,R/R,74,190,Jimmy,,Lambert,,58
COL,P,1992-07-18,R/R,75,228,Dinelson,,Lamet,,32
DET,P,1995-10-02,R/R,75,202,Alex,,Lange,,55
OAK,C,1997-11-18,R/R,72,205,Shea,,Langeliers,,23
SFG,I,1989-01-31,L/R,71,180,Tommy,,La Stella,,8
MIL,P,1995-06-03,R/L,75,228,Eric,,Lauer,,52
COL,P,1994-11-25,R/R,75,213,Justin,,Lawrence,,61
MIA,I,1996-06-03,R/R,75,195,Charles,,Leblanc,,83
TEX,P,1993-12-19,R/R,72,195,Jos&#233;,,Leclerc,,25
ATL,P,1994-08-01,L/L,75,214,Dylan,,Lee,,52
CHC,P,1991-03-13,R/R,72,210,Mark,,Leiter,Jr,62
NYY,I,1988-07-13,R/R,76,220,D,J,LeMahieu,,26
MIN,C,1989-03-13,S/R,70,235,Sandy,,Le&#243;n,,39
SFG,P,1991-10-26,R/R,70,215,Dominic,,Leone,,52
STL,P,1999-11-06,L/L,76,200,Matthew,,Liberatore,,52
NYM,I,1993-11-14,S/R,71,190,Francisco,,Lindor,,12
SFG,P,1995-10-05,R/R,76,220,Zack,,Littell,,46
CIN,P,1998-02-05,L/L,78,205,Nick,,Lodolo,,40
OAK,P,1996-04-23,L/L,72,165,Zach,,Logue,,67
NYY,P,1994-11-02,R/R,71,165,Jonathan,,Lo&#225;isiga,,43
SFG,I,1985-10-07,R/R,73,213,Evan,,Longoria,,10
CIN,I,1996-05-05,S/R,70,170,Alejo,,Lopez,,35
KCR,I,1995-03-13,L/R,71,180,Nicky,,Lopez,,8
LAA,P,1987-12-19,L/L,71,210,Aaron,,Loup,,28
TBR,I,1994-07-06,L/R,70,185,Brandon,,Lowe,,8
TEX,I,1995-07-07,L/R,76,220,Nathaniel,,Lowe,,30
MIN,P,1993-02-10,R/R,75,200,Jorge,,L&#243;pez,,48
MIA,P,1996-03-07,L/R,76,225,Pablo,,L&#243;pez,,49
CWS,P,1994-01-04,R/R,73,225,Reynaldo,,L&#243;pez,,40
NYY,P,1987-03-24,L/L,76,205,Lucas,,Luetge,,63
NYM,P,1989-11-17,R/R,76,225,Seth,,Lugo,,67
ARI,O,1993-09-26,R/R,73,195,Jordan,,Luplow,,8
LAD,I,1997-11-23,L/R,74,190,Gavin,,Lux,,9
MIA,P,1997-09-30,L/L,72,218,Jes&#250;s,,Luzardo,,44
BAL,P,1990-10-19,R/R,77,230,Jordan,,Lyles,,28
KCR,P,1996-11-17,L/L,78,200,Daniel,,Lynch,,52
CWS,P,1987-05-12,S/R,77,270,Lance,,Lynn,,33
SDP,I,1992-07-06,R/R,75,218,Manny,,Machado,,13
OAK,I,1993-09-25,L/R,71,185,Vimael,,Mach&#237;n,,31
OAK,I,1994-12-15,R/R,74,200,David,,MacKinnon,,49
CHC,I,1997-03-05,R/R,68,175,Nick,,Madrigal,,1
PIT,O,1996-02-29,L/R,72,208,Bligh,,Madris,,66
CLE,C,1991-02-06,R/R,75,225,Luke,,Maile,,12
HOU,C,1986-08-16,R/R,72,230,Mart&#237;n,,Maldonado,,15
SDP,P,1992-02-01,R/L,77,245,Sean,,Manaea,,55
HOU,I,1992-03-18,R/R,75,230,Trey,,Mancini,,26
DET,P,1998-01-28,R/R,78,195,Matt,,Manning,,25
TOR,P,1998-01-09,R/R,78,285,Alek,,Manoah,,6
ARI,P,1991-03-01,R/L,76,219,Joe,,Mantiply,,35
PIT,I,1999-09-16,L/R,72,180,Tucupita,,Marcano,,30
TBR,O,1994-09-28,R/R,71,180,Manuel,,Margot,,13
NYY,P,1995-07-01,R/R,74,205,Ron,,Marinaccio,,97
ARI,I,1993-10-12,S/R,73,210,Ketel,,Marte,,4
NYM,O,1988-10-09,R/R,73,195,Starling,,Marte,,6
TEX,P,1995-04-28,L/L,76,200,Brett,,Martin,,59
LAD,P,1986-06-02,R/R,80,225,Chris,,Martin,,58
BOS,D,1987-08-21,R/R,75,230,J,D,Martinez,,28
SDP,P,1990-08-05,L/R,73,200,Nick,,Martinez,,21
KCR,I,1998-03-22,L/R,72,190,Michael,,Massey,,19
BAL,I,1995-06-23,R/R,72,182,Jorge,,Mateo,,3
TEX,I,1994-08-02,R/R,72,200,Mark,,Mathias,,9
PHI,I,1997-02-18,L/R,74,178,Nick,,Maton,,29
HOU,P,1993-03-25,R/R,74,206,Phil,,Maton,,88
ATL,P,1990-10-19,L/L,75,230,Tyler,,Matzek,,68
LAD,P,1997-09-06,R/R,78,180,Dustin,,May,,85
NYM,P,1989-09-23,R/R,77,240,Trevor,,May,,65
LAA,P,1991-12-06,R/R,74,220,Mike,,Mayers,,21
TOR,P,1992-01-15,L/L,75,213,Tim,,Mayza,,58
NYM,C,1990-06-13,R/R,75,220,James,,McCann,,33
ARI,O,1997-07-30,L/L,74,215,Jake,,McCarthy,,30
TBR,P,1997-04-28,L/L,73,200,Shane,,McClanahan,,18
HOU,O,1995-04-19,R/L,72,208,Chas,,McCormick,,20
HOU,P,1993-10-02,L/R,73,202,Lance,,McCullers,Jr,43
MIL,O,1986-10-10,R/R,71,195,Andrew,,McCutchen,,24
WSH,P,1986-08-06,L/L,76,229,Jake,,McGee,,47
BOS,C,1995-03-02,L/R,72,218,Reese,,McGuire,,3
ATL,P,1987-06-19,R/R,74,191,Collin,,McHugh,,32
BAL,O,1997-02-14,R/R,71,195,Ryan,,McKenna,,26
CLE,P,1997-08-02,R/R,77,165,Triston,,McKenzie,,24
CHC,I,1995-04-29,L/R,72,180,Zach,,McKinstry,,6
COL,I,1994-12-14,L/R,74,219,Ryan,,McMahon,,24
NYM,I,1992-04-08,L/R,73,195,Jeff,,McNeil,,1
MIN,P,1993-12-05,L/R,80,250,Trevor,,Megill,,58
TBR,C,1995-10-27,S/R,68,188,Francisco,,Mej&#237;a,,21
ARI,P,1985-03-28,R/R,73,215,Mark,,Melancon,,34
KCR,C,1998-11-29,L/R,73,190,M,J,Melendez,,1
WSH,I,1992-05-06,R/R,75,215,Joey,,Meneses,,45
TOR,I,1989-01-24,R/R,73,195,Whit,,Merrifield,,1
HOU,O,1996-06-18,R/L,72,200,Jake,,Meyers,,6
STL,P,1988-08-23,R/R,76,230,Miles,,Mikolas,,39
TEX,I,1989-10-18,L/R,74,195,Brad,,Miller,,13
CLE,I,1996-11-15,R/R,72,185,Owen,,Miller,,6
MIL,P,1991-01-13,L/L,75,175,Hoby,,Milner,,55
CIN,P,1987-12-26,R/L,76,210,Mike,,Minor,,31
ATL,P,1993-09-02,L/L,72,215,A,J,Minter,,33
MIN,I,1998-06-29,R/R,74,210,Jose,,Miranda,,64
STL,C,1982-07-13,R/R,71,225,Yadier,,Molina,,4
OAK,P,1992-01-03,L/L,69,190,Sam,,Moll,,60
CWS,I,1995-05-27,S/R,74,225,Yo&#225;n,,Moncada,,10
NYY,P,1993-03-21,R/R,74,255,Frankie,,Montas,,47
COL,I,1998-08-17,R/R,75,235,Elehuris,,Montero,,44
HOU,P,1990-10-17,R/R,72,190,Rafael,,Montero,,47
STL,P,1992-12-27,L/L,78,228,Jordan,,Montgomery,,48
SEA,O,1992-08-02,R/R,72,205,Dylan,,Moore,,25
TEX,P,1989-06-18,L/L,75,210,Matt,,Moore,,45
SDP,P,1999-02-27,L/L,71,224,Adrian,,Morejon,,50
CHC,O,1999-06-24,R/R,71,145,Christopher,,Morel,,5
CLE,P,1996-05-13,R/R,70,190,Eli,,Morgan,,49
ATL,P,1983-11-12,R/R,77,215,Charlie,,Morton,,50
BAL,I,1997-02-18,R/R,76,230,Ryan,,Mountcastle,,6
CIN,I,1988-09-11,L/R,72,225,Mike,,Moustakas,,9
COL,P,1995-02-22,R/R,73,230,Germ&#225;n,,M&#225;rquez,,48
BAL,O,1994-10-01,L/L,68,175,Cedric,,Mullins,,31
LAD,I,1990-08-25,L/R,72,215,Max,,Muncy,,13
PHI,I,1995-01-23,R/R,71,200,Yairo,,Munoz,,41
SEA,P,1999-01-16,R/R,74,222,Andr&#233;s,,Mu&#241;oz,,75
SEA,P,1994-05-02,R/R,74,195,Penn,,Murfee,,56
OAK,C,1994-10-04,R/R,75,228,Sean,,Murphy,,12
SDP,P,1992-12-04,R/R,77,230,Joe,,Musgrove,,44
SDP,O,1990-12-10,R/R,75,207,Wil,,Myers,,5
MIA,P,1991-03-19,R/R,78,235,Tommy,,Nance,,51
NYM,O,1991-04-24,L/R,74,195,Tyler,,Naquin,,25
MIA,P,1998-08-18,L/L,75,215,Andrew,,Nardi,,90
MIL,C,1992-02-10,L/R,71,220,Omar,,Narv&#225;ez,,10
STL,P,1996-04-16,R/L,74,195,Packy,,Naughton,,70
CLE,I,1997-06-22,L/L,71,250,Josh,,Naylor,,22
PHI,P,1995-12-05,R/R,73,205,Nick,,Nelson,,57
HOU,P,1989-06-14,R/R,74,227,H&#233;ctor,,Neris,,50
OAK,I,1994-12-10,R/R,72,232,Sheldon,,Neuse,,26
BAL,I,1997-05-29,R/R,76,225,Tyler,,Nevin,,41
CHC,P,1993-06-12,L/L,77,255,Sean,,Newcomb,,15
PIT,I,1993-08-04,R/R,72,195,Kevin,,Newman,,27
NYM,C,1994-04-12,R/R,72,211,Tom&#225;s,,Nido,,3
NYM,O,1993-03-27,L/R,75,206,Brandon,,Nimmo,,9
PHI,P,1993-06-04,R/R,74,200,Aaron,,Nola,,27
SDP,C,1989-12-28,R/R,72,197,Austin,,Nola,,26
STL,O,1997-09-08,L/R,75,210,Lars,,Nootbaar,,21
DET,P,1993-04-25,L/L,74,207,Daniel,,Norris,,44
BAL,I,1994-02-03,L/R,71,200,Rougned,,Odor,,12
ATL,P,1990-03-27,R/R,74,190,Jake,,Odorizzi,,12
KCR,I,1993-07-26,L/L,75,220,Ryan,,O'Hearn,,66
LAA,T,1994-07-05,L/R,76,210,Shohei,,Ohtani,,17
MIA,P,1991-07-09,L/L,74,202,Steven,,Okert,,48
OAK,P,1994-10-17,R/R,76,225,Adam,,Oller,,36
ATL,I,1994-03-29,L/R,77,225,Matt,,Olson,,28
STL,O,1995-06-22,R/R,71,200,Tyler,,O'Neill,,27
CHC,O,1991-05-15,L/R,71,180,Rafael,,Ortega,,66
NYM,P,1985-11-22,S/R,77,246,Adam,,Ottavino,,0
TEX,P,1996-03-11,R/R,75,240,Glenn,,Otto,,49
ATL,O,1990-11-12,R/R,73,225,Marcell,,Ozuna,,20
CHC,P,1996-12-24,R/R,74,220,Nicholas,,Padilla,,58
MIN,P,1991-05-07,L/R,74,208,Emilio,,Pag&#225;n,,12
WSH,O,1995-07-30,L/R,73,200,Josh,,Palacios,,68
CLE,O,1997-05-16,L/R,70,180,Richie,,Palacios,,9
STL,P,1998-09-18,R/R,72,203,Andre,,Pallante,,53
TBR,I,1999-02-18,R/R,71,213,Isaac,,Paredes,,17
OAK,P,1994-04-07,R/R,74,225,Joel,,Payamps,,30
HOU,I,1997-09-22,R/R,72,202,Jeremy,,Pe&#241;a,,3
SFG,O,1992-04-21,L/L,73,220,Joc,,Pederson,,23
TBR,O,1987-08-14,L/L,73,210,David,,Peralta,,6
MIL,P,1996-06-04,R/R,71,199,Freddy,,Peralta,,51
NYY,P,1991-07-27,L/L,72,217,Wandy,,Peralta,,58
ARI,I,1999-10-22,S/R,74,203,Geraldo,,Perdomo,,2
NYM,C,1992-08-07,L/R,70,195,Michael,,Perez,,35
KCR,C,1990-05-10,R/R,75,255,Salvador,,Perez,,13
BOS,O,1988-03-08,R/R,73,223,Tommy,,Pham,,22
TOR,P,1986-10-09,R/R,74,200,David,,Phelps,,35
LAD,P,1994-09-11,R/R,74,215,Evan,,Phillips,,59
OAK,O,1992-03-29,R/R,74,210,Chad,,Pinder,,10
BOS,P,1993-02-14,R/R,77,214,Nick,,Pivetta,,37
PHI,P,1996-11-05,L/L,74,197,Michael,,Plassmeyer,,49
BOS,C,1991-02-26,R/R,74,208,Kevin,,Plawecki,,25
CLE,P,1995-01-21,R/R,75,220,Zach,,Plesac,,34
TBR,P,1994-01-17,L/L,75,225,Colin,,Poche,,38
MIN,I,1993-07-05,S/R,71,208,Jorge,,Polanco,,11
CWS,O,1987-12-05,R/R,73,210,A,J,Pollock,,18
KCR,I,1998-10-06,L/L,73,215,Nick,,Pratto,,32
HOU,P,1988-12-15,R/R,74,206,Ryan,,Pressly,,55
CWS,C,1996-09-10,R/R,71,205,Carlos,,P&#233;rez,,21
BAL,P,1996-04-21,R/L,71,162,Cionel,,P&#233;rez,,58
TEX,P,1991-04-04,L/L,72,200,Mart&#237;n,,P&#233;rez,,54
LAD,P,1985-08-26,L/L,77,215,David,,Price,,33
SDP,O,1993-02-20,S/R,72,184,Jurickson,,Profar,,10
STL,I,1980-01-16,R/R,75,235,Albert,,Pujols,,5
OAK,P,1995-04-25,L/L,79,248,A,J,Puk,,33
CLE,P,1995-02-10,L/R,75,195,Cal,,Quantrill,,47
LAA,P,1995-11-09,L/L,71,215,Jos&#233;,,Quijada,,65
STL,P,1989-01-24,R/L,73,220,Jos&#233;,,Quintana,,62
TEX,P,1997-12-12,L/L,76,190,Cole,,Ragans,,50
SEA,C,1996-11-26,S/R,75,235,Cal,,Raleigh,,29
TBR,P,1988-06-29,L/L,75,200,Brooks,,Raley,,30
ARI,P,1989-12-22,R/R,75,205,No&#233;,,Ramirez,,24
WSH,P,1990-05-02,R/R,72,217,Erasmo,,Ram&#237;rez,,61
TBR,I,1994-09-06,R/R,70,232,Harold,,Ram&#237;rez,,43
CLE,I,1992-09-17,S/R,69,190,Jos&#233;,,Ram&#237;rez,,11
TBR,P,1995-07-27,R/R,73,211,Drew,,Rasmussen,,57
SEA,P,1991-10-01,L/L,74,225,Robbie,,Ray,,38
PHI,C,1991-03-18,R/R,73,212,J,T,Realmuto,,10
BOS,O,1991-03-26,R/R,72,205,Rob,,Refsnyder,,30
MIL,O,1992-01-28,R/R,73,230,Hunter,,Renfroe,,12
LAA,I,1997-02-26,S/R,70,195,Luis,,Rengifo,,2
CHC,O,1995-07-07,R/R,77,265,Franmil,,Reyes,,32
MIL,I,1993-09-05,R/R,68,175,Pablo,,Reyes,,33
DET,O,1994-10-05,S/R,77,194,Victor,,Reyes,,22
PIT,O,1995-01-27,S/R,75,205,Bryan,,Reynolds,,10
TOR,P,1993-05-15,R/R,74,205,Trevor,,Richards,,33
ATL,I,1997-04-02,R/R,75,240,Austin,,Riley,,27
ARI,I,1996-06-29,R/R,74,225,Emmanuel,,Rivera,,15
KCR,C,1998-11-16,R/R,73,210,Sebastian,,Rivero,,48
NYY,I,1989-08-08,L/L,75,240,Anthony,,Rizzo,,48
CWS,O,1997-08-03,R/R,74,220,Luis,,Robert,,88
PHI,P,1985-04-09,R/R,71,195,David,,Robertson,,30
CIN,C,1994-12-14,R/R,71,221,Chuckie,,Robinson,,73
WSH,O,1997-05-19,R/R,72,195,Victor,,Robles,,16
COL,I,1996-08-09,R/R,72,204,Brendan,,Rodgers,,7
SFG,P,1992-12-10,L/L,75,245,Carlos,,Rod&#243;n,,16
NYM,P,1991-11-14,L/L,73,200,Joely,,Rodr&#237;guez,,30
SEA,O,2000-12-29,R/R,75,228,Julio,,Rodr&#237;guez,,44
DET,P,1993-04-07,L/L,74,231,Eduardo,,Rodriguez,,57
MIL,P,1990-12-17,L/L,75,190,Taylor,,Rogers,,25
SFG,P,1990-12-17,R/R,75,181,Tyler,,Rogers,,71
LAA,I,1993-02-24,L/R,72,200,Jose,,Rojas,,18
ARI,I,1994-06-30,L/R,73,207,Josh,,Rojas,,10
MIA,I,1989-02-24,R/R,72,188,Miguel,,Rojas,,11
TOR,P,1993-04-21,R/R,77,210,Jordan,,Romano,,68
STL,P,1996-09-09,L/L,71,200,JoJo,,Romero,,59
CIN,C,1988-11-22,R/R,73,216,Austin,,Romine,,28
KCR,O,1994-11-01,R/R,76,225,Brent,,Rooker,,55
CLE,I,1995-11-20,R/R,74,190,Amed,,Rosario,,1
ATL,O,1991-09-28,L/R,73,180,Eddie,,Rosario,,8
CHC,P,1994-04-27,R/R,73,195,Michael,,Rucker,,59
NYM,I,1986-07-28,R/R,74,232,Darin,,Ruf,,28
CWS,P,1994-10-21,R/R,73,245,Jos&#233;,,Ruiz,,66
WSH,C,1998-07-20,S/R,72,225,Keibert,,Ruiz,,20
OAK,P,1994-03-15,R/R,70,180,Norge,,Ruiz,,63
BAL,C,1998-02-06,S/R,74,220,Adley,,Rutschman,,35
MIN,P,1996-06-05,R/R,74,205,Joe,,Ryan,,41
CHC,P,1991-10-07,R/R,74,210,Adrian,,Sampson,,41
MIN,P,1992-07-01,R/R,76,212,Aaron,,Sanchez,,43
CLE,P,1997-01-10,R/R,71,175,Nick,,Sandlin,,52
LAA,P,1996-10-18,L/L,75,190,Patrick,,Sandoval,,43
MIN,P,1997-07-17,R/R,75,215,Cole,,Sands,,77
CIN,P,1996-04-15,L/L,74,160,Reiver,,Sanmartin,,52
SEA,I,1986-04-08,S/R,71,215,Carlos,,Santana,,41
TEX,P,1996-04-12,R/R,74,190,Dennis,,Santana,,19
BAL,O,1994-10-19,S/R,74,235,Anthony,,Santander,,25
BOS,P,1988-04-03,R/R,72,212,Hirokazu,,Sawamura,,18
TEX,P,1993-12-17,R/R,75,215,Josh,,Sborz,,66
NYM,P,1984-07-27,R/R,75,208,Max,,Scherzer,,21
NYY,P,1996-02-20,R/R,73,209,Clarke,,Schmidt,,86
BOS,P,1994-03-05,R/R,74,210,John,,Schreiber,,46
PHI,O,1993-03-05,L/R,72,229,Kyle,,Schwarber,,12
MIA,P,1994-07-22,R/L,72,235,Tanner,,Scott,,66
TEX,I,1994-04-27,L/R,76,215,Corey,,Seager,,5
OAK,P,1996-02-19,R/L,71,180,J,P,Sears,,38
PHI,I,1990-03-17,R/R,70,220,Jean,,Segura,,2
TEX,I,1990-09-17,R/R,72,195,Marcus,,Semien,,2
CIN,O,1995-06-29,R/R,73,205,Nick,,Senzel,,15
COL,C,1995-05-05,R/R,72,207,Brian,,Serven,,6
SEA,P,1990-05-26,R/R,75,219,Paul,,Sewald,,37
CLE,P,1987-11-08,S/R,73,226,Bryan,,Shaw,,27
CWS,I,1996-04-23,L/L,77,230,Gavin,,Sheets,,32
DET,I,1995-05-29,R/R,70,180,Zack,,Short,,59
LAA,O,1996-04-07,L/L,71,178,Magneuris,,Sierra,,37
KCR,P,1996-08-04,R/R,77,215,Brady,,Singer,,51
TBR,O,1995-07-22,R/R,74,175,Jose,,Siri,,22
SFG,O,1992-12-13,R/R,73,204,Austin,,Slater,,13
HOU,P,1989-07-10,R/L,77,255,Will,,Smith,,51
LAD,C,1995-03-28,R/R,70,195,Will,,Smith,,16
CHC,P,1989-06-13,L/L,74,188,Drew,,Smyly,,11
WSH,P,1984-02-27,R/R,72,207,An&#237;bal,,S&#225;nchez,,27
MIN,C,1992-12-02,R/R,74,230,Gary,,S&#225;nchez,,24
NYM,I,1992-06-29,S/R,72,210,Yolmer,,S&#225;nchez,,43
OAK,P,1994-10-07,L/L,73,218,Kirby,,Snead,,54
SDP,P,1992-12-04,L/L,76,225,Blake,,Snell,,4
CIN,I,1987-12-17,R/R,68,210,Donovan,,Solano,,7
PHI,I,1996-03-06,R/R,72,210,Edmundo,,Sosa,,33
DET,P,1995-02-11,L/L,73,234,Gregory,,Soto,,65
SDP,O,1998-10-25,L/L,74,224,Juan,,Soto,,22
TOR,O,1989-09-19,R/R,75,220,George,,Springer,,4
TBR,P,1992-09-20,L/L,75,218,Jeffrey,,Springs,,59
MIA,C,1989-12-22,R/R,77,225,Jacob,,Stallings,,58
HOU,P,1991-07-26,R/R,76,226,Ryne,,Stanek,,45
LAA,C,1991-03-15,R/R,70,200,Max,,Stassi,,33
KCR,P,1993-12-21,R/R,75,200,Josh,,Staumont,,63
CHC,P,1995-07-11,L/L,74,205,Justin,,Steele,,35
CLE,P,1995-11-25,R/R,77,225,Trevor,,Stephan,,37
ATL,P,1994-05-11,R/R,74,220,Jackson,,Stephens,,53
COL,P,1993-02-24,R/R,75,205,Robert,,Stephenson,,29
OAK,O,1996-09-12,L/L,70,175,Cal,,Stevenson,,37
PHI,I,1997-10-06,L/R,75,200,Bryson,,Stott,,5
PIT,P,1993-03-27,L/L,75,205,Eric,,Stout,,52
BAL,O,1998-01-02,L/L,75,200,Kyle,,Stowers,,83
BOS,P,1991-11-12,R/L,74,190,Matt,,Strahm,,55
STL,P,1990-08-22,R/R,74,205,Chris,,Stratton,,30
CLE,O,1994-10-17,R/R,70,178,Myles,,Straw,,7
CIN,P,1988-09-24,R/R,75,225,Hunter,,Strickland,,54
ATL,P,1998-10-28,R/R,72,195,Spencer,,Strider,,65
TOR,P,1989-11-23,R/R,73,215,Ross,,Stripling,,48
CHC,P,1991-05-01,R/R,67,180,Marcus,,Stroman,,0
MIL,P,1994-10-24,R/R,74,195,Peter,,Strzelecki,,32
PHI,C,1993-05-26,L/R,70,170,Garrett,,Stubbs,,21
LAA,P,1998-01-03,L/L,70,225,Jos&#233;,,Suarez,,54
SDP,P,1991-03-01,R/R,74,210,Robert,,Suarez,,75
MIA,P,1990-03-12,R/R,73,190,Cole,,Sulser,,31
SEA,I,1991-07-18,R/R,71,213,Eugenio,,Su&#225;rez,,28
PHI,P,1995-08-26,L/L,73,217,Ranger,,Su&#225;rez,,55
MIL,P,1989-08-29,L/L,76,213,Brent,,Suter,,35
LAA,C,1983-10-04,R/R,71,210,Kurt,,Suzuki,,24
CHC,O,1994-08-18,R/R,71,182,Seiya,,Suzuki,,27
ATL,I,1994-02-11,R/R,73,190,Dansby,,Swanson,,7
SEA,P,1993-09-04,R/R,75,222,Erik,,Swanson,,50
PHI,P,1992-08-29,L/R,78,242,Noah,,Syndergaard,,43
SFG,P,1996-06-12,R/L,74,210,Thomas,,Szapucki,,61
NYY,P,1991-11-18,R/R,77,230,Jameson,,Taillon,,50
TOR,O,1994-02-04,L/L,75,175,Raimel,,Tapia,,15
BAL,P,1994-05-01,R/R,74,195,Dillon,,Tate,,55
TEX,O,1998-09-08,S/R,74,195,Leody,,Taveras,,3
LAD,O,1990-08-29,R/R,73,196,Chris,,Taylor,,3
KCR,O,1991-03-26,R/R,76,215,Michael,A,Taylor,,2
MIL,O,1994-01-22,R/R,72,194,Tyrone,,Taylor,,15
MIL,I,1995-03-16,L/L,76,255,Rowdy,,Tellez,,11
LAA,P,1987-11-03,R/R,73,195,Ryan,,Tepera,,52
MIN,P,1987-01-31,R/L,72,205,Caleb,,Thielbar,,56
ARI,O,2000-04-28,L/L,71,175,Alek,,Thomas,,5
WSH,O,1995-08-23,R/R,72,191,Lane,,Thomas,,28
TEX,O,1998-06-09,R/R,74,197,Bubba,,Thompson,,65
TBR,P,1992-06-26,R/R,77,210,Ryan,,Thompson,,81
LAD,O,1991-03-15,R/R,75,225,Trayce,,Thompson,,25
PIT,P,1993-10-23,R/R,79,250,Zach,,Thompson,,39
NYY,I,1996-12-13,R/R,73,205,Gleyber,,Torres,,25
LAA,P,1996-06-20,R/R,75,215,Touki,,Toussaint,,56
NYY,C,1992-11-28,R/R,71,210,Jose,,Trevino,,39
NYY,P,1991-10-01,R/R,77,235,Lou,,Trivino,,56
LAA,O,1991-08-07,R/R,74,235,Mike,,Trout,,27
HOU,O,1997-01-17,L/R,76,199,Kyle,,Tucker,,30
LAD,I,1984-11-23,R/R,71,202,Justin,,Turner,,10
LAD,I,1993-06-30,R/R,74,185,Trea,,Turner,,6
CHC,P,1996-05-19,R/R,75,195,Erich,,Uelmen,,46
PIT,P,1994-07-20,R/R,74,225,Duane,,Underwood,Jr,56
LAD,P,1996-08-12,L/L,72,225,Julio,,Ur&#237;as,,7
MIL,I,1997-06-03,R/R,69,186,Luis,,Ur&#237;as,,2
BAL,I,1994-06-03,R/R,72,190,Ram&#243;n,,Ur&#237;as,,29
COL,P,1991-09-12,R/R,74,208,Jos&#233;,,Ure&#241;a,,51
HOU,P,1995-05-01,R/R,72,217,Jos&#233;,,Urquidy,,65
MIN,I,1991-10-11,R/R,72,215,Gio,,Urshela,,15
HOU,P,1993-11-19,R/L,71,239,Framber,,Valdez,,59
PIT,I,1995-03-10,L/R,71,194,Josh,,VanMeter,,26
WSH,I,1991-07-16,S/R,72,180,Ildemaro,,Vargas,,14
ARI,C,1996-07-02,L/R,70,207,Daulton,,Varsho,,12
CWS,O,1998-04-03,R/R,72,215,Andrew,,Vaughn,,25
BAL,I,1997-05-12,L/R,73,200,Terrin,,Vavra,,77
CWS,P,1992-06-07,R/R,75,212,Vince,,Velasquez,,23
LAA,I,1994-07-14,S/R,69,170,Andrew,,Velazquez,,4
CHC,O,1998-12-26,R/R,72,190,Nelson,,Vel&#225;zquez,,4
BOS,O,1996-05-15,L/L,72,192,Alex,,Verdugo,,99
HOU,P,1983-02-20,R/R,77,235,Justin,,Verlander,,35
LAD,P,1996-04-11,L/L,73,209,Alex,,Vesia,,51
BAL,P,1995-10-10,L/L,75,215,Nick,,Vespi,,79
DET,P,1995-06-06,R/R,72,180,Will,,Vest,,19
PIT,P,1993-12-05,L/L,75,200,Cam,,Vieaux,,68
PHI,O,1996-09-16,R/R,75,205,Matt,,Vierling,,19
TEX,C,1997-02-15,L/R,71,225,Meibrys,,Viloria,,60
NYM,I,1992-12-17,L/R,72,270,Daniel,,Vogelbach,,32
OAK,C,1984-11-01,L/R,72,216,Stephen,,Vogt,,21
WSH,I,1991-02-13,R/R,75,255,Luke,,Voit,,34
BAL,P,1992-06-26,R/R,74,215,Austin,,Voth,,51
HOU,C,1990-08-21,R/R,69,205,Christian,,V&#225;zquez,,9
BOS,P,1991-07-01,R/R,78,215,Michael,,Wacha,,52
SFG,O,1994-01-01,L/L,73,205,LaMonte,,Wade,Jr,31
STL,P,1981-08-30,R/R,79,230,Adam,,Wainwright,,50
ARI,I,1991-03-28,R/R,72,208,Christian,,Walker,,53
NYM,P,1992-08-13,R/R,76,235,Taijuan,,Walker,,99
TBR,I,1996-07-10,S/R,70,185,Taylor,,Walls,,0
LAA,I,1993-07-30,L/L,72,210,Jared,,Walsh,,20
LAA,P,1995-10-13,R/R,76,235,Andrew,,Wantz,,60
LAA,O,1993-12-14,R/R,73,200,Taylor,,Ward,,3
CIN,P,1993-03-23,R/R,75,230,Art,,Warren,,77
KCR,O,1998-12-30,S/R,74,185,Drew,,Waters,,6
BAL,P,1992-08-27,R/R,74,185,Spenser,,Watkins,,80
KCR,P,1993-08-21,R/R,74,183,Luke,,Weaver,,26
SFG,P,1996-11-18,R/R,73,220,Logan,,Webb,,62
MIA,I,1990-04-26,L/R,73,195,Joey,,Wendle,,18
PHI,P,1990-05-30,L/R,76,195,Zack,,Wheeler,,45
TOR,P,1994-12-28,R/R,75,210,Mitch,,White,,45
BOS,P,1996-06-11,R/R,77,225,Garrett,,Whitlock,,72
CHC,P,1992-11-09,L/R,75,234,Rowan,,Wick,,50
MIL,P,1994-09-21,R/R,74,200,Devin,,Williams,,38
MIA,I,1996-08-09,R/R,73,186,Luke,,Williams,,46
NYM,P,1992-04-25,R/R,75,235,Trevor,,Williams,,29
PIT,P,1997-12-20,R/R,73,250,Bryse,,Wilson,,32
SDP,P,1994-08-24,R/R,75,221,Steven,,Wilson,,48
BOS,P,1998-06-28,R/R,76,202,Josh,,Winckowski,,73
SEA,O,1993-08-17,L/L,75,215,Jesse,,Winker,,27
CHC,I,1991-08-27,R/R,74,220,Patrick,,Wisdom,,16
KCR,I,2000-06-14,R/R,73,200,Bobby,,Witt,Jr,7
MIL,I,1990-10-10,L/R,67,185,Kolten,,Wong,,16
SFG,P,1991-01-12,R/L,76,215,Alex,,Wood,,57
STL,P,1996-10-28,R/R,76,215,Jake,,Woodford,,40
MIL,P,1993-02-10,L/R,76,243,Brandon,,Woodruff,,53
ATL,P,1995-10-02,R/R,76,215,Kyle,,Wright,,30
SFG,C,1990-12-10,R/R,72,190,Austin,,Wynns,,14
TBR,P,1991-12-31,R/L,77,205,Ryan,,Yarbrough,,48
SFG,O,1990-08-23,L/L,70,178,Mike,,Yastrzemski,,5
ATL,P,1987-03-25,L/R,70,205,Kirby,,Yates,,22
MIL,O,1991-12-05,L/R,75,195,Christian,,Yelich,,22
SFG,P,1993-09-09,L/L,75,220,Alex,,Young,,45
CWS,C,1993-08-28,R/R,71,205,Seby,,Zavala,,44
CIN,P,1995-08-01,R/R,79,245,T,J,Zeuch,,67
PHI,O,1992-11-27,L/R,76,185,Bradley,,Zimmer,,18
